{
    "Classifiers": [
        {
            "Config": "SVC(C=100, class_weight='balanced')",
            "Result": {
                "0": {
                    "f1-score": 0.4858276684119526,
                    "precision": 0.4838127250733444,
                    "recall": 0.4905660377358491,
                    "support": 53.0
                },
                "1": {
                    "f1-score": 0.4886420151385922,
                    "precision": 0.4933511806922713,
                    "recall": 0.4867924528301887,
                    "support": 53.0
                },
                "accuracy": 0.4886792452830189,
                "weighted avg": {
                    "f1-score": 0.4872348417752724,
                    "precision": 0.4885819528828078,
                    "recall": 0.4886792452830189,
                    "support": 106.0
                }
            }
        },
        {
            "Config": "RandomForestClassifier(max_depth=5, min_samples_split=10, n_estimators=50,\n                       random_state=0)",
            "Result": {
                "0": {
                    "f1-score": 0.4510247490756772,
                    "precision": 0.44637555243827015,
                    "recall": 0.46037735849056605,
                    "support": 53.0
                },
                "1": {
                    "f1-score": 0.4520594471441929,
                    "precision": 0.46004708136247957,
                    "recall": 0.4490566037735849,
                    "support": 53.0
                },
                "accuracy": 0.4547169811320755,
                "weighted avg": {
                    "f1-score": 0.451542098109935,
                    "precision": 0.45321131690037486,
                    "recall": 0.4547169811320755,
                    "support": 106.0
                }
            }
        },
        {
            "Config": "KNeighborsClassifier(n_jobs=-1, n_neighbors=7, p=1)",
            "Result": {
                "0": {
                    "f1-score": 0.4949191775622994,
                    "precision": 0.46652442744986367,
                    "recall": 0.5283018867924528,
                    "support": 53.0
                },
                "1": {
                    "f1-score": 0.42748058702234537,
                    "precision": 0.4608285756111843,
                    "recall": 0.4,
                    "support": 53.0
                },
                "accuracy": 0.4641509433962264,
                "weighted avg": {
                    "f1-score": 0.46119988229232245,
                    "precision": 0.46367650153052403,
                    "recall": 0.4641509433962264,
                    "support": 106.0
                }
            }
        },
        {
            "Config": "AdaBoostClassifier(learning_rate=0.5, n_estimators=25)",
            "Result": {
                "0": {
                    "f1-score": 0.4275829316881949,
                    "precision": 0.4518141182972221,
                    "recall": 0.4075471698113208,
                    "support": 53.0
                },
                "1": {
                    "f1-score": 0.4775378617483881,
                    "precision": 0.4567830948906881,
                    "recall": 0.5018867924528302,
                    "support": 53.0
                },
                "accuracy": 0.4547169811320755,
                "weighted avg": {
                    "f1-score": 0.45256039671829146,
                    "precision": 0.45429860659395516,
                    "recall": 0.4547169811320755,
                    "support": 106.0
                }
            }
        },
        0.4872348417752724
    ],
    "Dimension": 64,
    "Sim Model": "TFIDF",
    "Walk length": 60,
    "f1-score": 0.4872348417752724,
    "p": 1,
    "q": 1
}